<?xml version="1.0" encoding="UTF-8"?>
<!DOCTYPE configuration PUBLIC "-//mybatis.org//DTD Config 3.0//EN"	"http://mybatis.org/dtd/mybatis-3-config.dtd">
<configuration>
	<settings>
		<setting name="mapUnderscoreToCamelCase" value="true"></setting>
		<setting name="callSettersOnNulls" value="true"></setting>
	</settings>
	<mappers>
	<mapper resource="mapper/member_query.xml"/>
	<mapper resource="mapper/bookmark_query.xml"/>
	<mapper resource="mapper/board_query.xml"/>
	<mapper resource="mapper/notice_query.xml"/>
	<mapper resource="mapper/attraction_query.xml"/>
	<mapper resource="mapper/attraction_reply_query.xml"/>
	<mapper resource="mapper/index_query.xml"/>
	</mappers>
</configuration>