<?xml version="1.0" encoding="UTF-8"?>
<!DOCTYPE mapper PUBLIC "-//mybatis.org//DTD Mapper 3.0//EN" "http://mybatis.org/dtd/mybatis-3-mapper.dtd">
<mapper namespace="com.mycom.enjoy.notice.dao.NoticeDao">
	<!--  noticeInsert -->
	<insert id="noticeInsert" parameterType="com.mycom.enjoy.notice.dto.NoticeDto">
		insert into notice (member_id,notice_title,notice_content)
		values( #{memberId}, #{noticeTitle}, #{noticeContent})
	</insert>
	<!--  noticeUpdate -->
	<update id="noticeUpdate" parameterType="com.mycom.enjoy.notice.dto.NoticeDto">
		update notice 
		   set notice_title 		= #{noticeTitle}
		      ,notice_content 		= #{noticeContent}
		 where notice_id	 		= #{noticeId}
	</update>
	<!-- noticeDelete -->
	<delete id="noticeDelete" parameterType="int">
		delete 
		  from notice 
		 where notice_id 	= #{noticeId} 
	</delete>
	<!-- noticeList -->
	<select id="noticeList" parameterType = "map" 
	resultType="com.mycom.enjoy.notice.dto.NoticeDto">
		select n.notice_id as notice_id, n.member_id as member_id,
		n.notice_title as notice_title,
		n.notice_regdt as notice_regdt,
		m.member_name as member_name,n.notice_readcount as
		notice_readcount
		from
		member as m, notice as n
		where n.member_id =
		m.member_id
		order by
		n.notice_id desc
		limit #{limit} offset #{offset};

	</select> 
	<!-- noticeDetail -->
	<select id="noticeDetail" parameterType="int" resultType="com.mycom.enjoy.notice.dto.NoticeDto">
		select n.notice_id as notice_id, n.member_id as member_id,
		n.notice_title as notice_title,
		n.notice_content as notice_content,
		n.notice_regdt as notice_regdt,
		m.member_name as
		member_name,n.notice_readcount as
		notice_readcount
		from member m, notice n
		where m.member_id = n.member_id and
		n.notice_id = #{noticeId};
	</select>
	
	<!-- 11/18 -->
	<select id="noticeListTotalCount">
		select count(*)
		from notice
	</select>
	<insert id="noticeUserReadInsert" parameterType="map">
        INSERT INTO notice_member_read ( notice_id, member_id )
                    VALUES ( #{noticeId}, #{memberId} )
    </insert>
    <update id="noticeReadCountUpdate" parameterType="int">
        UPDATE notice set notice_readcount = notice_readcount + 1
         WHERE notice_id = #{noticeId}
    </update>
     <update id="noticeReadCountDelete" parameterType="int">
        DELETE FROM notice_member_read WHERE notice_id = #{noticedId}
    </update>
    <!--  notice -->
    <select id="noticeUserReadCount" parameterType="map" resultType="int">
        SELECT count(*) FROM notice_member_read WHERE notice_id = #{noticeId} and member_id = #{memberId}
    </select>
	<select id="noticeListSearchWord" parameterType="map" resultType="com.mycom.enjoy.notice.dto.NoticeDto">
	 
select n.notice_id as notice_id, n.member_id as member_id,
		n.notice_title as notice_title,
		n.notice_regdt as notice_regdt,
		m.member_name as member_name,n.notice_readcount as
		notice_readcount
  from member as m, notice as n
 where n.member_id = m.member_id and n.notice_title like concat('%',#{searchWord},'%')
		order by
		n.notice_id desc
		limit #{limit} offset #{offset};
          
    </select>
    <select id="noticeListSearchWordTotalCount" parameterType="string" resultType="int">
        SELECT COUNT(*)
          FROM notice
         WHERE notice_title LIKE CONCAT('%', #{searchWord} ,'%')
    </select>
</mapper>